OrderID,CustomerID,ProductID,Quantity,TotalPrice,OrderDate,RegionID
1,71,26,3,278.55,2023-01-04,2
2,95,41,3,261.15,2023-04-24,3
3,98,8,2,744.54,2023-04-14,3
4,92,17,5,2135.15,2023-10-26,1
5,36,49,9,7547.13,2023-06-12,5
6,56,46,8,1801.2,2023-06-16,5
7,73,14,10,4338.5,2023-01-14,3
8,6,49,7,5869.99,2023-10-01,5
9,79,11,9,609.03,2023-08-31,1
10,41,38,7,5583.34,2023-10-03,2
11,20,24,2,1577.54,2023-07-06,2
12,73,29,8,3815.84,2023-12-16,4
13,87,41,1,87.05,2023-11-10,3
14,74,19,1,936.61,2023-03-08,1
15,72,35,10,8164.5,2023-07-23,4
16,5,49,6,5031.42,2023-12-24,1
17,73,8,1,372.27,2023-01-29,3
18,43,24,2,1577.54,2023-11-14,2
19,38,15,6,5425.14,2023-09-22,3
20,49,20,4,3284.2,2023-04-01,1
21,6,13,2,1756.4,2023-08-17,5
22,67,27,4,1792.04,2023-11-15,2
23,58,3,7,2260.72,2023-05-03,3
24,78,22,7,5451.11,2023-05-04,2
25,96,46,4,900.6,2023-08-08,1
26,47,15,1,904.19,2023-08-06,3
27,71,8,6,2233.62,2023-01-30,2
28,60,50,9,3844.98,2023-01-14,3
29,58,38,6,4785.72,2023-05-25,2
30,5,40,6,5052.12,2023-11-10,2
31,68,37,1,141.81,2023-12-26,3
32,89,30,1,612.42,2023-09-07,4
33,22,14,8,3470.8,2023-05-01,3
34,47,41,8,696.4,2023-08-18,3
35,74,14,1,433.85,2023-12-12,3
36,16,45,1,106.39,2023-02-20,4
37,39,33,9,2179.44,2023-01-12,4
38,57,26,7,649.95,2023-11-09,2
39,49,31,2,882.84,2023-02-23,3
40,90,35,6,4898.7,2023-11-08,2
41,5,14,8,3470.8,2023-02-17,5
42,84,11,9,609.03,2023-11-25,3
43,94,4,8,2751.92,2023-06-07,4
44,79,40,1,842.02,2023-01-09,3
45,39,40,8,6736.16,2023-07-02,5
46,8,8,10,3722.7,2023-03-11,2
47,12,5,5,4046.0,2023-07-31,4
48,66,16,6,1929.06,2023-11-21,3
49,67,44,1,974.78,2023-04-24,3
50,50,39,7,3574.34,2023-11-20,2
51,3,6,1,650.81,2023-08-28,1
52,41,50,5,2136.1,2023-11-02,2
53,8,27,2,896.02,2023-02-27,3
54,13,12,2,1920.66,2023-10-27,1
55,35,25,3,2979.45,2023-05-09,1
56,72,20,9,7389.45,2023-05-23,2
57,78,50,6,2563.32,2023-06-16,3
58,51,6,7,4555.67,2023-01-07,5
59,54,11,5,338.35,2023-06-01,1
60,91,33,3,726.48,2023-02-25,5
61,65,47,4,2515.64,2023-02-10,3
62,91,7,7,4297.3,2023-02-25,1
63,71,41,1,87.05,2023-03-04,2
64,17,19,5,4683.05,2023-10-30,3
65,48,24,10,7887.7,2023-06-01,4
66,36,40,8,6736.16,2023-02-18,2
67,4,44,5,4873.9,2023-02-12,2
68,78,40,10,8420.2,2023-01-29,4
69,9,44,10,9747.8,2023-07-02,2
70,49,7,5,3069.5,2023-08-20,3
71,65,35,4,3265.8,2023-02-11,1
72,44,35,10,8164.5,2023-06-12,5
73,54,40,5,4210.1,2023-07-10,2
74,2,46,1,225.15,2023-08-31,3
75,10,12,2,1920.66,2023-07-26,3
76,45,41,9,783.45,2023-01-06,4
77,44,25,5,4965.75,2023-04-02,4
78,67,21,6,275.16,2023-05-10,1
79,79,25,9,8938.35,2023-09-08,5
80,11,13,6,5269.2,2023-09-21,2
81,1,25,6,5958.9,2023-03-22,4
82,92,10,10,2109.8,2023-04-26,3
83,64,36,2,1959.98,2023-03-30,3
84,27,28,8,2325.36,2023-05-06,4
85,36,5,5,4046.0,2023-08-31,4
86,64,35,7,5715.15,2023-03-04,2
87,12,44,10,9747.8,2023-06-18,2
88,45,3,6,1937.76,2023-07-13,2
89,11,1,2,1461.24,2023-05-04,5
90,6,18,5,2398.8,2023-06-02,2
91,90,14,6,2603.1,2023-08-09,3
92,38,30,8,4899.36,2023-06-05,3
93,84,47,9,5660.19,2023-10-23,2
94,38,27,4,1792.04,2023-12-16,3
95,94,42,9,5595.66,2023-03-11,5
96,17,1,5,3653.1,2023-11-17,5
97,78,4,8,2751.92,2023-10-11,3
98,96,31,9,3972.78,2023-12-16,5
99,54,16,9,2893.59,2023-04-19,4
100,40,47,3,1886.73,2023-10-19,1
101,5,9,4,3127.4,2023-08-18,4
102,94,23,9,8501.31,2023-12-04,1
103,4,32,4,1684.44,2023-04-24,4
104,91,43,5,1242.55,2023-08-19,1
105,72,21,10,458.6,2023-10-01,3
106,52,35,8,6531.6,2023-09-25,4
107,23,38,2,1595.24,2023-08-30,5
108,66,48,10,1222.9,2023-06-23,4
109,80,38,1,797.62,2023-12-19,5
110,18,47,7,4402.37,2023-04-28,2
111,4,30,8,4899.36,2023-09-23,2
112,19,31,6,2648.52,2023-02-09,2
113,65,42,7,4352.18,2023-04-06,1
114,72,22,8,6229.84,2023-12-09,5
115,32,11,1,67.67,2023-04-14,3
116,23,48,4,489.16,2023-01-05,4
117,82,8,7,2605.89,2023-04-30,5
118,36,5,8,6473.6,2023-01-12,4
119,52,39,9,4595.58,2023-09-25,2
120,82,6,7,4555.67,2023-12-29,3
121,11,38,5,3988.1,2023-04-05,4
122,68,49,3,2515.71,2023-01-21,4
123,60,34,9,5210.19,2023-05-10,3
124,89,32,4,1684.44,2023-03-08,4
125,96,10,8,1687.84,2023-07-03,1
126,99,35,2,1632.9,2023-03-22,3
127,5,28,10,2906.7,2023-03-24,4
128,81,44,8,7798.24,2023-01-31,3
129,90,42,3,1865.22,2023-10-20,1
130,35,6,9,5857.29,2023-07-18,2
131,31,26,8,742.8,2023-08-02,5
132,67,1,7,5114.34,2023-07-04,5
133,76,6,4,2603.24,2023-06-25,4
134,35,35,6,4898.7,2023-12-18,1
135,17,19,10,9366.1,2023-02-24,5
136,87,30,5,3062.1,2023-02-20,1
137,82,26,7,649.95,2023-07-21,2
138,39,20,9,7389.45,2023-09-19,2
139,57,4,7,2407.93,2023-11-12,2
140,3,47,9,5660.19,2023-07-26,1
141,37,36,9,8819.91,2023-04-19,4
142,94,49,9,7547.13,2023-04-02,2
143,13,49,6,5031.42,2023-07-03,2
144,22,21,5,229.3,2023-11-27,4
145,52,31,3,1324.26,2023-04-26,3
146,13,7,1,613.9,2023-06-12,5
147,90,30,2,1224.84,2023-01-06,3
148,16,16,5,1607.55,2023-05-14,2
149,81,48,9,1100.61,2023-09-13,4
150,49,36,3,2939.97,2023-02-09,2
151,12,14,8,3470.8,2023-10-29,1
152,42,23,7,6612.13,2023-10-20,3
153,93,31,3,1324.26,2023-04-21,3
154,70,29,6,2861.88,2023-05-04,4
155,55,50,2,854.44,2023-03-11,5
156,25,44,3,2924.34,2023-10-19,5
157,24,5,4,3236.8,2023-06-09,5
158,34,20,5,4105.25,2023-03-22,5
159,67,8,6,2233.62,2023-03-12,3
160,33,24,4,3155.08,2023-01-18,5
161,37,24,5,3943.85,2023-07-29,5
162,79,28,7,2034.69,2023-04-20,3
163,44,19,10,9366.1,2023-12-22,1
164,11,6,10,6508.1,2023-11-07,3
165,10,36,8,7839.92,2023-01-02,1
166,84,6,4,2603.24,2023-12-08,1
167,76,16,5,1607.55,2023-05-31,4
168,3,42,3,1865.22,2023-08-19,2
169,20,43,9,2236.59,2023-09-24,2
170,87,42,1,621.74,2023-02-05,2
171,89,20,3,2463.15,2023-06-07,3
172,39,44,9,8773.02,2023-04-09,2
173,31,8,5,1861.35,2023-04-10,5
174,8,25,3,2979.45,2023-11-16,2
175,58,22,7,5451.11,2023-10-10,1
176,22,12,10,9603.3,2023-10-10,5
177,22,44,1,974.78,2023-01-16,5
178,45,49,9,7547.13,2023-04-09,1
179,62,18,7,3358.32,2023-07-17,3
180,75,39,1,510.62,2023-04-22,5
181,86,36,5,4899.95,2023-07-25,2
182,72,10,5,1054.9,2023-11-11,4
183,92,18,6,2878.56,2023-02-03,4
184,100,49,8,6708.56,2023-11-15,1
185,85,37,4,567.24,2023-07-16,5
186,92,42,8,4973.92,2023-03-07,4
187,21,43,3,745.53,2023-04-17,4
188,79,46,8,1801.2,2023-04-02,3
189,93,44,8,7798.24,2023-07-03,5
190,71,34,8,4631.28,2023-01-28,4
191,85,12,7,6722.31,2023-08-16,4
192,94,15,1,904.19,2023-01-09,2
193,36,2,8,3358.64,2023-12-28,2
194,9,31,5,2207.1,2023-10-05,2
195,83,38,9,7178.58,2023-09-24,3
196,100,5,10,8092.0,2023-11-16,1
197,9,21,2,91.72,2023-05-24,1
198,7,23,10,9445.9,2023-08-14,2
199,84,34,1,578.91,2023-07-12,3
200,66,13,9,7903.8,2023-08-10,4
201,36,26,3,278.55,2023-05-07,3
202,43,7,10,6139.0,2023-04-30,4
203,71,11,3,203.01,2023-08-25,3
204,2,33,4,968.64,2023-07-24,4
205,57,43,1,248.51,2023-07-16,2
206,1,35,1,816.45,2023-03-04,5
207,28,49,9,7547.13,2023-02-13,2
208,55,44,5,4873.9,2023-06-17,2
209,97,47,8,5031.28,2023-03-30,1
210,22,36,5,4899.95,2023-03-01,4
211,79,40,7,5894.14,2023-11-10,4
212,47,50,5,2136.1,2023-12-24,3
213,56,12,2,1920.66,2023-07-16,1
214,12,4,9,3095.91,2023-12-29,3
215,21,46,7,1576.05,2023-04-10,4
216,21,8,10,3722.7,2023-09-19,2
217,7,46,9,2026.35,2023-03-06,4
218,90,16,4,1286.04,2023-08-13,4
219,89,2,7,2938.81,2023-11-08,5
220,47,36,6,5879.94,2023-06-02,5
221,27,24,8,6310.16,2023-10-17,2
222,36,37,5,709.05,2023-01-18,1
223,31,13,7,6147.4,2023-03-27,5
224,42,2,8,3358.64,2023-02-04,2
225,27,6,1,650.81,2023-02-08,5
226,45,45,5,531.95,2023-06-15,4
227,48,28,1,290.67,2023-12-27,4
228,48,30,1,612.42,2023-07-22,2
229,79,22,7,5451.11,2023-10-30,3
230,63,9,3,2345.55,2023-11-24,4
231,42,2,4,1679.32,2023-07-26,5
232,47,30,3,1837.26,2023-07-25,4
233,18,36,5,4899.95,2023-10-28,1
234,92,26,4,371.4,2023-01-30,1
235,89,38,5,3988.1,2023-12-26,1
236,94,47,7,4402.37,2023-09-23,4
237,17,36,4,3919.96,2023-04-14,1
238,68,2,1,419.83,2023-07-12,3
239,71,16,1,321.51,2023-04-04,3
240,96,48,4,489.16,2023-12-04,4
241,33,3,10,3229.6,2023-12-16,1
242,2,49,10,8385.7,2023-04-09,4
243,53,29,7,3338.86,2023-07-17,1
244,35,5,9,7282.8,2023-10-21,5
245,61,14,3,1301.55,2023-02-27,2
246,46,26,3,278.55,2023-06-04,2
247,75,9,10,7818.5,2023-03-13,2
248,14,13,5,4391.0,2023-11-25,3
249,71,19,8,7492.88,2023-12-22,2
250,68,3,1,322.96,2023-07-23,5
251,66,23,4,3778.36,2023-09-06,4
252,51,29,9,4292.82,2023-04-30,3
253,20,37,7,992.67,2023-08-27,5
254,76,17,2,854.06,2023-07-13,2
255,6,19,5,4683.05,2023-03-12,1
256,49,7,8,4911.2,2023-01-22,4
257,77,4,4,1375.96,2023-07-02,2
258,35,45,4,425.56,2023-03-03,2
259,35,46,9,2026.35,2023-06-11,2
260,80,1,5,3653.1,2023-09-04,2
261,86,4,7,2407.93,2023-09-05,3
262,75,38,1,797.62,2023-03-08,1
263,69,39,4,2042.48,2023-02-21,3
264,63,40,9,7578.18,2023-06-08,1
265,11,25,8,7945.2,2023-11-05,5
266,81,36,9,8819.91,2023-02-09,4
267,20,27,2,896.02,2023-01-20,3
268,32,1,4,2922.48,2023-11-12,3
269,89,9,2,1563.7,2023-09-04,3
270,12,19,8,7492.88,2023-10-19,3
271,70,23,8,7556.72,2023-04-13,1
272,43,39,9,4595.58,2023-09-21,3
273,65,46,4,900.6,2023-09-18,1
274,64,7,9,5525.1,2023-09-29,3
275,71,11,5,338.35,2023-01-21,4
276,69,12,1,960.33,2023-08-31,1
277,93,45,7,744.73,2023-11-10,5
278,75,18,7,3358.32,2023-01-15,1
279,97,10,6,1265.88,2023-07-08,1
280,69,45,10,1063.9,2023-07-18,2
281,73,45,6,638.34,2023-02-16,5
282,27,27,2,896.02,2023-09-29,4
283,44,8,5,1861.35,2023-03-18,5
284,70,2,5,2099.15,2023-05-26,5
285,20,12,2,1920.66,2023-08-29,4
286,94,19,1,936.61,2023-10-27,1
287,26,48,8,978.32,2023-05-30,4
288,9,5,2,1618.4,2023-07-21,2
289,50,10,4,843.92,2023-11-13,1
290,7,18,10,4797.6,2023-02-20,2
291,48,5,6,4855.2,2023-08-28,3
292,38,30,4,2449.68,2023-11-01,5
293,21,26,3,278.55,2023-10-23,2
294,100,38,8,6380.96,2023-05-18,3
295,48,2,4,1679.32,2023-07-25,4
296,28,45,6,638.34,2023-04-09,3
297,69,5,3,2427.6,2023-03-16,4
298,78,9,1,781.85,2023-05-22,4
299,87,19,7,6556.27,2023-04-22,4
300,45,19,9,8429.49,2023-04-29,1
301,47,4,2,687.98,2023-09-05,1
302,4,16,7,2250.57,2023-11-11,5
303,3,7,10,6139.0,2023-04-04,3
304,11,34,7,4052.37,2023-06-13,5
305,35,18,5,2398.8,2023-05-10,4
306,36,25,3,2979.45,2023-09-05,3
307,83,28,9,2616.03,2023-03-14,2
308,4,18,3,1439.28,2023-12-29,3
309,45,12,4,3841.32,2023-12-16,4
310,64,39,9,4595.58,2023-09-11,5
311,95,32,6,2526.66,2023-12-29,5
312,25,16,7,2250.57,2023-11-25,2
313,9,11,10,676.7,2023-06-23,3
314,88,27,4,1792.04,2023-11-06,5
315,22,4,10,3439.9,2023-02-06,1
316,3,28,5,1453.35,2023-01-30,2
317,97,40,6,5052.12,2023-08-23,5
318,21,38,6,4785.72,2023-09-22,5
319,38,37,4,567.24,2023-07-20,5
320,65,5,3,2427.6,2023-08-11,5
321,93,35,9,7348.05,2023-11-10,4
322,57,7,10,6139.0,2023-07-02,3
323,48,42,3,1865.22,2023-05-22,5
324,6,36,3,2939.97,2023-12-13,3
325,29,41,8,696.4,2023-03-08,3
326,28,19,3,2809.83,2023-03-17,2
327,25,39,10,5106.2,2023-08-17,5
328,2,16,5,1607.55,2023-12-26,5
329,84,5,3,2427.6,2023-08-23,3
330,61,43,10,2485.1,2023-11-28,2
331,42,29,9,4292.82,2023-10-05,3
332,63,38,1,797.62,2023-05-16,5
333,67,35,1,816.45,2023-11-20,1
334,59,13,6,5269.2,2023-08-23,2
335,59,37,8,1134.48,2023-08-25,3
336,23,10,5,1054.9,2023-05-17,1
337,76,3,4,1291.84,2023-01-18,1
338,64,22,8,6229.84,2023-09-03,3
339,2,29,9,4292.82,2023-02-14,2
340,67,34,5,2894.55,2023-06-12,2
341,76,30,10,6124.2,2023-06-04,1
342,54,21,3,137.58,2023-02-18,5
343,65,9,4,3127.4,2023-04-01,1
344,20,49,1,838.57,2023-01-07,3
345,97,50,6,2563.32,2023-02-22,5
346,2,2,5,2099.15,2023-07-06,5
347,18,3,6,1937.76,2023-09-02,5
348,99,44,6,5848.68,2023-11-11,5
349,100,18,10,4797.6,2023-04-14,4
350,42,44,4,3899.12,2023-02-22,1
351,76,20,2,1642.1,2023-03-19,5
352,51,23,6,5667.54,2023-10-29,2
353,30,10,9,1898.82,2023-11-02,1
354,59,35,1,816.45,2023-03-11,4
355,80,18,2,959.52,2023-04-14,5
356,12,13,2,1756.4,2023-11-13,1
357,20,16,6,1929.06,2023-08-04,3
358,14,37,10,1418.1,2023-04-11,5
359,77,30,3,1837.26,2023-09-09,1
360,44,32,4,1684.44,2023-02-14,2
361,99,16,6,1929.06,2023-02-20,1
362,92,21,9,412.74,2023-05-20,3
363,88,50,2,854.44,2023-07-10,5
364,7,34,6,3473.46,2023-05-04,2
365,11,26,6,557.1,2023-04-23,5
366,72,8,10,3722.7,2023-09-28,5
367,82,42,8,4973.92,2023-08-18,5
368,44,45,4,425.56,2023-03-15,1
369,99,49,3,2515.71,2023-10-03,4
370,16,27,9,4032.09,2023-07-10,5
371,25,9,10,7818.5,2023-04-17,3
372,59,6,1,650.81,2023-09-21,4
373,60,12,1,960.33,2023-04-30,5
374,61,21,4,183.44,2023-09-10,4
375,85,31,3,1324.26,2023-10-29,5
376,100,50,7,2990.54,2023-12-21,4
377,54,24,7,5521.39,2023-10-18,4
378,52,24,9,7098.93,2023-11-22,1
379,73,39,3,1531.86,2023-08-27,1
380,4,27,4,1792.04,2023-09-03,2
381,58,40,6,5052.12,2023-05-30,5
382,50,46,1,225.15,2023-09-09,3
383,99,34,4,2315.64,2023-05-29,5
384,65,5,4,3236.8,2023-09-04,4
385,4,49,10,8385.7,2023-12-08,1
386,71,32,4,1684.44,2023-04-07,4
387,12,35,8,6531.6,2023-05-05,1
388,4,14,2,867.7,2023-04-15,1
389,90,15,5,4520.95,2023-02-09,3
390,74,46,1,225.15,2023-02-18,1
391,88,34,5,2894.55,2023-12-26,1
392,38,25,1,993.15,2023-11-18,1
393,52,12,7,6722.31,2023-01-13,1
394,88,12,9,8642.97,2023-03-10,4
395,95,27,3,1344.03,2023-12-12,5
396,40,37,9,1276.29,2023-03-25,3
397,96,45,8,851.12,2023-08-13,5
398,24,46,2,450.3,2023-05-08,2
399,26,45,5,531.95,2023-05-28,5
400,79,3,8,2583.68,2023-09-10,2
401,18,23,3,2833.77,2023-07-22,4
402,66,42,6,3730.44,2023-04-26,3
403,27,50,1,427.22,2023-07-27,4
404,81,3,6,1937.76,2023-07-19,1
405,54,43,2,497.02,2023-12-21,2
406,33,32,9,3789.99,2023-03-15,4
407,74,23,8,7556.72,2023-07-14,5
408,85,26,4,371.4,2023-02-10,4
409,63,50,10,4272.2,2023-03-28,4
410,37,50,10,4272.2,2023-03-07,1
411,13,14,6,2603.1,2023-11-05,3
412,34,19,10,9366.1,2023-01-29,1
413,7,46,10,2251.5,2023-03-17,2
414,39,32,10,4211.1,2023-06-28,1
415,71,12,8,7682.64,2023-06-02,4
416,26,46,10,2251.5,2023-04-04,3
417,49,3,10,3229.6,2023-01-11,3
418,16,48,9,1100.61,2023-08-06,2
419,91,48,5,611.45,2023-06-27,5
420,46,30,1,612.42,2023-02-20,1
421,93,11,2,135.34,2023-02-01,2
422,60,23,3,2833.77,2023-01-10,2
423,94,46,7,1576.05,2023-11-17,2
424,59,4,1,343.99,2023-06-22,2
425,98,16,3,964.53,2023-01-19,2
426,62,2,8,3358.64,2023-11-24,4
427,68,30,6,3674.52,2023-01-06,3
428,34,47,8,5031.28,2023-10-19,4
429,68,26,5,464.25,2023-03-21,3
430,55,25,3,2979.45,2023-10-06,3
431,90,16,10,3215.1,2023-07-08,2
432,53,11,3,203.01,2023-12-04,4
433,2,15,4,3616.76,2023-06-09,3
434,28,14,3,1301.55,2023-12-07,1
435,91,42,7,4352.18,2023-02-21,2
436,31,49,6,5031.42,2023-07-18,1
437,17,41,9,783.45,2023-01-08,2
438,33,26,2,185.7,2023-07-13,4
439,19,11,2,135.34,2023-02-17,3
440,79,19,6,5619.66,2023-02-27,4
441,42,31,9,3972.78,2023-06-04,3
442,82,39,1,510.62,2023-12-29,3
443,16,13,9,7903.8,2023-03-23,4
444,50,29,2,953.96,2023-03-21,4
445,28,49,1,838.57,2023-11-03,1
446,75,3,6,1937.76,2023-01-28,1
447,99,48,10,1222.9,2023-01-04,4
448,69,35,4,3265.8,2023-12-14,3
449,80,31,4,1765.68,2023-11-15,3
450,59,1,3,2191.86,2023-07-16,4
451,38,35,1,816.45,2023-06-09,1
452,88,8,7,2605.89,2023-07-19,3
453,70,44,3,2924.34,2023-08-08,5
454,38,45,3,319.17,2023-01-07,1
455,93,39,8,4084.96,2023-02-23,3
456,64,29,4,1907.92,2023-02-07,1
457,60,3,1,322.96,2023-03-27,4
458,52,23,8,7556.72,2023-02-12,1
459,60,1,1,730.62,2023-09-03,5
460,27,29,7,3338.86,2023-11-09,4
461,20,30,5,3062.1,2023-02-25,1
462,53,4,7,2407.93,2023-05-17,5
463,55,40,8,6736.16,2023-02-01,1
464,48,29,6,2861.88,2023-03-01,3
465,45,5,7,5664.4,2023-08-14,2
466,6,35,9,7348.05,2023-05-13,1
467,23,17,4,1708.12,2023-05-24,1
468,31,47,3,1886.73,2023-09-22,5
469,44,17,10,4270.3,2023-10-14,1
470,32,13,6,5269.2,2023-08-27,1
471,38,48,2,244.58,2023-08-02,2
472,64,2,7,2938.81,2023-06-11,2
473,54,14,2,867.7,2023-07-25,5
474,12,26,9,835.65,2023-04-10,3
475,27,35,4,3265.8,2023-02-07,1
476,21,30,4,2449.68,2023-01-23,4
477,72,15,1,904.19,2023-05-26,4
478,47,24,10,7887.7,2023-04-15,4
479,58,15,8,7233.52,2023-10-01,3
480,16,43,4,994.04,2023-03-21,4
481,25,4,4,1375.96,2023-09-07,1
482,6,25,6,5958.9,2023-07-17,3
483,23,39,4,2042.48,2023-06-18,3
484,12,13,6,5269.2,2023-11-12,3
485,35,18,6,2878.56,2023-09-10,1
486,47,47,5,3144.55,2023-01-17,3
487,43,25,4,3972.6,2023-07-14,5
488,30,12,1,960.33,2023-04-04,2
489,50,7,6,3683.4,2023-06-07,1
490,78,32,7,2947.77,2023-04-29,5
491,25,39,9,4595.58,2023-06-26,5
492,49,48,3,366.87,2023-04-03,1
493,75,49,10,8385.7,2023-01-09,1
494,24,43,8,1988.08,2023-10-11,3
495,15,24,9,7098.93,2023-10-14,1
496,8,16,8,2572.08,2023-04-30,2
497,5,47,5,3144.55,2023-04-12,5
498,51,15,1,904.19,2023-07-13,4
499,40,11,9,609.03,2023-01-08,3
500,60,17,1,427.03,2023-02-09,2
501,12,6,3,1952.43,2023-11-28,1
502,70,45,9,957.51,2023-12-14,1
503,77,49,8,6708.56,2023-12-12,4
504,100,26,4,371.4,2023-12-07,4
505,74,4,2,687.98,2023-02-24,4
506,53,9,9,7036.65,2023-11-20,5
507,21,26,6,557.1,2023-02-08,1
508,61,6,2,1301.62,2023-03-18,5
509,52,31,6,2648.52,2023-03-29,1
510,11,8,9,3350.43,2023-08-02,4
511,75,23,6,5667.54,2023-06-27,5
512,24,28,9,2616.03,2023-02-06,2
513,79,42,5,3108.7,2023-09-28,4
514,83,19,6,5619.66,2023-06-20,4
515,60,31,1,441.42,2023-01-30,2
516,14,43,10,2485.1,2023-06-14,4
517,62,1,4,2922.48,2023-12-18,3
518,67,28,9,2616.03,2023-05-29,1
519,5,13,10,8782.0,2023-02-24,4
520,43,19,2,1873.22,2023-07-30,2
521,25,48,5,611.45,2023-12-24,2
522,15,25,2,1986.3,2023-08-21,4
523,32,42,7,4352.18,2023-05-29,2
524,48,33,7,1695.12,2023-08-21,4
525,89,30,4,2449.68,2023-10-13,4
526,25,22,4,3114.92,2023-05-28,1
527,60,21,8,366.88,2023-05-05,1
528,28,7,8,4911.2,2023-03-30,5
529,83,25,5,4965.75,2023-04-13,1
530,82,35,10,8164.5,2023-03-28,4
531,13,38,7,5583.34,2023-08-22,3
532,54,2,6,2518.98,2023-05-05,5
533,35,19,1,936.61,2023-03-15,5
534,90,25,3,2979.45,2023-06-30,2
535,53,1,8,5844.96,2023-03-28,5
536,4,10,8,1687.84,2023-10-01,2
537,11,26,7,649.95,2023-11-15,4
538,99,46,3,675.45,2023-07-17,1
539,21,28,6,1744.02,2023-01-19,2
540,67,19,2,1873.22,2023-07-10,3
541,23,17,6,2562.18,2023-04-19,4
542,23,21,9,412.74,2023-08-14,5
543,90,25,6,5958.9,2023-11-21,3
544,44,24,2,1577.54,2023-11-26,4
545,92,31,10,4414.2,2023-08-19,2
546,37,32,3,1263.33,2023-08-01,4
547,13,18,7,3358.32,2023-07-09,3
548,34,5,8,6473.6,2023-09-22,3
549,25,42,9,5595.66,2023-01-29,3
550,21,3,10,3229.6,2023-06-27,3
551,70,12,8,7682.64,2023-09-14,2
552,84,39,5,2553.1,2023-08-18,5
553,41,39,8,4084.96,2023-02-01,2
554,8,20,1,821.05,2023-01-11,3
555,93,28,9,2616.03,2023-03-09,4
556,70,25,7,6952.05,2023-04-15,5
557,69,12,7,6722.31,2023-02-27,1
558,89,36,3,2939.97,2023-07-29,5
559,77,28,2,581.34,2023-07-06,2
560,65,14,2,867.7,2023-06-01,4
561,30,30,8,4899.36,2023-12-05,2
562,41,12,1,960.33,2023-02-06,1
563,57,11,4,270.68,2023-10-16,3
564,92,14,9,3904.65,2023-03-08,4
565,72,30,5,3062.1,2023-04-04,2
566,32,50,5,2136.1,2023-05-31,2
567,96,12,6,5761.98,2023-11-21,3
568,97,16,8,2572.08,2023-05-16,1
569,80,27,7,3136.07,2023-03-16,1
570,69,4,1,343.99,2023-02-02,3
571,41,40,8,6736.16,2023-10-10,4
572,81,26,2,185.7,2023-05-21,4
573,91,16,2,643.02,2023-02-24,3
574,16,30,10,6124.2,2023-05-13,1
575,47,40,9,7578.18,2023-08-02,3
576,56,20,5,4105.25,2023-02-22,5
577,24,32,4,1684.44,2023-01-04,1
578,69,12,5,4801.65,2023-02-10,5
579,89,5,7,5664.4,2023-07-29,5
580,82,4,7,2407.93,2023-02-10,3
581,29,48,5,611.45,2023-04-23,4
582,1,45,1,106.39,2023-08-24,2
583,41,18,4,1919.04,2023-04-19,4
584,77,38,1,797.62,2023-03-17,4
585,23,44,4,3899.12,2023-08-21,4
586,7,33,10,2421.6,2023-01-18,4
587,4,12,3,2880.99,2023-07-26,1
588,16,13,1,878.2,2023-01-23,3
589,70,33,2,484.32,2023-11-20,3
590,88,17,3,1281.09,2023-06-02,1
591,4,45,8,851.12,2023-10-19,3
592,8,23,10,9445.9,2023-09-05,1
593,79,24,5,3943.85,2023-05-20,5
594,42,9,9,7036.65,2023-06-12,1
595,82,6,9,5857.29,2023-02-14,4
596,69,5,7,5664.4,2023-12-22,1
597,46,21,5,229.3,2023-12-21,1
598,88,45,1,106.39,2023-12-18,2
599,54,30,8,4899.36,2023-07-12,4
600,71,17,10,4270.3,2023-02-03,2
601,7,45,9,957.51,2023-05-17,4
602,64,48,10,1222.9,2023-12-29,1
603,18,28,6,1744.02,2023-10-31,4
604,44,32,6,2526.66,2023-04-18,1
605,80,9,8,6254.8,2023-02-06,1
606,83,7,2,1227.8,2023-03-21,3
607,76,8,6,2233.62,2023-10-02,5
608,7,6,5,3254.05,2023-06-04,3
609,51,40,5,4210.1,2023-10-10,3
610,55,39,10,5106.2,2023-10-01,1
611,39,2,2,839.66,2023-08-09,4
612,81,19,7,6556.27,2023-10-07,2
613,38,42,5,3108.7,2023-03-19,2
614,86,47,3,1886.73,2023-09-28,3
615,46,33,6,1452.96,2023-01-13,3
616,30,26,9,835.65,2023-12-06,5
617,34,11,3,203.01,2023-06-30,1
618,11,35,7,5715.15,2023-03-10,2
619,90,38,1,797.62,2023-08-01,3
620,64,14,4,1735.4,2023-03-15,4
621,92,4,5,1719.95,2023-04-11,1
622,55,44,10,9747.8,2023-12-15,1
623,2,3,1,322.96,2023-12-09,2
624,53,20,9,7389.45,2023-03-22,5
625,55,26,5,464.25,2023-04-28,1
626,21,50,5,2136.1,2023-11-23,4
627,63,26,5,464.25,2023-02-10,2
628,35,8,7,2605.89,2023-11-10,4
629,95,13,8,7025.6,2023-09-25,3
630,8,28,3,872.01,2023-12-26,3
631,28,5,8,6473.6,2023-01-21,5
632,8,34,4,2315.64,2023-08-23,2
633,30,1,4,2922.48,2023-05-31,4
634,69,11,10,676.7,2023-05-19,5
635,80,45,6,638.34,2023-04-28,5
636,81,43,7,1739.57,2023-02-12,3
637,23,17,7,2989.21,2023-10-06,2
638,32,1,5,3653.1,2023-01-06,2
639,24,31,6,2648.52,2023-05-17,4
640,41,6,9,5857.29,2023-07-24,4
641,58,27,8,3584.08,2023-07-17,2
642,50,14,9,3904.65,2023-05-15,1
643,1,28,2,581.34,2023-12-09,3
644,48,38,9,7178.58,2023-09-12,3
645,33,50,2,854.44,2023-09-10,3
646,15,11,2,135.34,2023-05-31,3
647,39,23,3,2833.77,2023-03-21,4
648,86,39,1,510.62,2023-03-10,1
649,82,45,4,425.56,2023-07-08,1
650,69,14,1,433.85,2023-08-27,5
651,29,5,3,2427.6,2023-03-14,1
652,32,39,1,510.62,2023-10-24,2
653,83,11,2,135.34,2023-05-25,3
654,15,17,6,2562.18,2023-04-08,5
655,21,39,2,1021.24,2023-12-16,5
656,30,10,9,1898.82,2023-06-16,3
657,48,25,9,8938.35,2023-06-15,5
658,2,38,1,797.62,2023-06-24,1
659,1,24,5,3943.85,2023-12-22,5
660,34,36,8,7839.92,2023-12-01,2
661,99,41,2,174.1,2023-10-20,5
662,80,5,10,8092.0,2023-05-03,5
663,74,2,9,3778.47,2023-07-18,5
664,35,14,5,2169.25,2023-09-09,4
665,30,17,1,427.03,2023-11-08,4
666,80,4,1,343.99,2023-02-02,1
667,96,2,7,2938.81,2023-11-25,2
668,34,39,5,2553.1,2023-03-05,4
669,39,16,9,2893.59,2023-07-13,2
670,28,1,5,3653.1,2023-03-26,2
671,79,26,3,278.55,2023-08-01,3
672,93,49,7,5869.99,2023-12-03,3
673,58,20,8,6568.4,2023-05-27,2
674,65,40,9,7578.18,2023-04-30,2
675,21,5,8,6473.6,2023-12-31,5
676,48,27,1,448.01,2023-11-15,5
677,56,10,8,1687.84,2023-10-06,2
678,49,19,7,6556.27,2023-09-25,1
679,55,46,10,2251.5,2023-02-01,1
680,2,41,2,174.1,2023-10-14,1
681,35,35,8,6531.6,2023-04-16,5
682,68,13,3,2634.6,2023-01-03,3
683,68,25,6,5958.9,2023-02-04,1
684,37,40,10,8420.2,2023-11-21,5
685,43,2,6,2518.98,2023-10-27,5
686,89,49,6,5031.42,2023-04-24,1
687,72,17,3,1281.09,2023-07-20,5
688,91,20,4,3284.2,2023-05-13,2
689,75,24,1,788.77,2023-04-13,2
690,71,46,4,900.6,2023-07-24,1
691,45,13,6,5269.2,2023-07-10,5
692,6,44,3,2924.34,2023-02-04,3
693,8,34,9,5210.19,2023-05-06,3
694,90,41,9,783.45,2023-01-16,1
695,19,28,4,1162.68,2023-07-24,1
696,63,29,8,3815.84,2023-07-24,5
697,99,28,2,581.34,2023-03-29,4
698,54,16,1,321.51,2023-01-19,3
699,91,18,10,4797.6,2023-09-28,3
700,42,8,10,3722.7,2023-01-14,5
701,48,13,3,2634.6,2023-03-18,3
702,67,6,8,5206.48,2023-07-16,2
703,83,24,10,7887.7,2023-08-02,3
704,6,5,1,809.2,2023-06-10,3
705,45,3,10,3229.6,2023-08-04,2
706,32,16,10,3215.1,2023-05-08,1
707,69,17,4,1708.12,2023-01-24,2
708,83,6,2,1301.62,2023-03-25,1
709,13,5,3,2427.6,2023-07-20,1
710,11,27,10,4480.1,2023-03-18,1
711,22,37,7,992.67,2023-11-15,1
712,93,26,7,649.95,2023-02-05,1
713,39,41,5,435.25,2023-10-28,1
714,72,28,3,872.01,2023-08-25,5
715,21,49,6,5031.42,2023-12-24,3
716,37,16,9,2893.59,2023-03-24,1
717,99,34,9,5210.19,2023-11-11,1
718,73,50,8,3417.76,2023-09-28,4
719,8,35,3,2449.35,2023-08-31,2
720,2,15,8,7233.52,2023-02-07,1
721,57,47,8,5031.28,2023-02-04,4
722,54,47,9,5660.19,2023-01-23,3
723,42,25,8,7945.2,2023-12-13,1
724,63,19,2,1873.22,2023-07-29,3
725,45,17,1,427.03,2023-05-14,4
726,99,6,3,1952.43,2023-12-29,2
727,49,19,6,5619.66,2023-02-09,3
728,19,2,1,419.83,2023-12-20,4
729,6,3,1,322.96,2023-09-05,2
730,78,40,10,8420.2,2023-09-01,2
731,56,17,10,4270.3,2023-01-25,4
732,61,18,3,1439.28,2023-12-22,2
733,74,36,6,5879.94,2023-04-14,5
734,49,26,5,464.25,2023-08-21,2
735,41,25,1,993.15,2023-04-18,5
736,69,33,1,242.16,2023-05-04,1
737,57,43,1,248.51,2023-11-21,5
738,93,11,4,270.68,2023-02-21,1
739,21,47,10,6289.1,2023-11-29,4
740,3,47,8,5031.28,2023-11-06,2
741,65,33,5,1210.8,2023-01-12,5
742,28,45,8,851.12,2023-05-16,5
743,99,6,2,1301.62,2023-05-20,1
744,11,23,7,6612.13,2023-08-25,1
745,11,7,1,613.9,2023-06-29,5
746,100,15,8,7233.52,2023-11-10,3
747,33,2,2,839.66,2023-11-28,1
748,80,28,6,1744.02,2023-06-21,5
749,97,11,2,135.34,2023-01-07,4
750,100,2,2,839.66,2023-08-23,4
751,45,45,6,638.34,2023-11-14,4
752,68,33,2,484.32,2023-09-30,5
753,53,25,3,2979.45,2023-08-04,3
754,99,38,8,6380.96,2023-02-02,2
755,86,37,6,850.86,2023-05-30,1
756,64,16,10,3215.1,2023-07-16,1
757,18,19,8,7492.88,2023-02-08,4
758,73,43,1,248.51,2023-08-21,3
759,92,21,9,412.74,2023-06-12,3
760,96,2,2,839.66,2023-01-16,1
761,46,24,5,3943.85,2023-11-06,3
762,38,43,8,1988.08,2023-02-06,5
763,14,30,7,4286.94,2023-02-05,2
764,5,3,6,1937.76,2023-10-02,1
765,27,4,5,1719.95,2023-09-22,4
766,6,38,2,1595.24,2023-08-21,3
767,82,41,8,696.4,2023-07-31,3
768,57,40,6,5052.12,2023-08-27,5
769,91,42,4,2486.96,2023-09-27,1
770,25,1,4,2922.48,2023-01-16,5
771,19,19,3,2809.83,2023-09-16,1
772,63,49,2,1677.14,2023-11-21,4
773,78,30,9,5511.78,2023-09-14,1
774,34,18,1,479.76,2023-11-07,4
775,86,25,2,1986.3,2023-11-26,3
776,39,33,5,1210.8,2023-11-12,2
777,18,33,9,2179.44,2023-12-10,1
778,91,14,4,1735.4,2023-03-05,2
779,92,9,8,6254.8,2023-09-14,4
780,49,42,7,4352.18,2023-12-05,3
781,71,25,1,993.15,2023-10-22,1
782,69,22,9,7008.57,2023-09-09,5
783,70,36,4,3919.96,2023-08-21,3
784,25,6,8,5206.48,2023-07-27,1
785,61,2,8,3358.64,2023-05-25,3
786,52,12,10,9603.3,2023-03-02,2
787,4,8,1,372.27,2023-05-19,5
788,38,40,1,842.02,2023-07-02,2
789,66,13,8,7025.6,2023-06-26,4
790,48,18,2,959.52,2023-02-23,1
791,62,16,6,1929.06,2023-06-05,5
792,98,43,6,1491.06,2023-08-21,5
793,45,14,7,3036.95,2023-03-14,5
794,34,14,1,433.85,2023-09-23,2
795,25,30,2,1224.84,2023-07-30,1
796,88,4,3,1031.97,2023-01-05,4
797,23,39,8,4084.96,2023-01-14,3
798,87,11,9,609.03,2023-10-21,4
799,37,44,8,7798.24,2023-09-13,4
800,58,6,7,4555.67,2023-12-20,2
801,3,24,4,3155.08,2023-04-02,2
802,18,50,2,854.44,2023-08-31,1
803,71,21,8,366.88,2023-12-06,2
804,82,20,6,4926.3,2023-08-07,3
805,52,24,4,3155.08,2023-02-20,3
806,22,7,10,6139.0,2023-03-26,2
807,97,4,1,343.99,2023-10-13,1
808,46,30,7,4286.94,2023-11-11,3
809,32,27,7,3136.07,2023-01-15,2
810,30,16,8,2572.08,2023-04-10,1
811,79,45,8,851.12,2023-08-20,1
812,44,40,8,6736.16,2023-07-22,3
813,54,34,7,4052.37,2023-03-31,3
814,70,16,3,964.53,2023-03-27,3
815,3,2,7,2938.81,2023-11-21,5
816,44,47,7,4402.37,2023-10-13,5
817,26,45,5,531.95,2023-04-04,1
818,41,29,5,2384.9,2023-07-19,3
819,21,37,1,141.81,2023-02-07,3
820,13,25,5,4965.75,2023-07-28,1
821,70,15,4,3616.76,2023-01-04,3
822,69,41,3,261.15,2023-12-18,2
823,85,38,8,6380.96,2023-05-24,5
824,67,26,1,92.85,2023-12-27,1
825,45,26,6,557.1,2023-11-22,4
826,59,31,10,4414.2,2023-07-31,2
827,22,32,2,842.22,2023-10-16,2
828,17,37,9,1276.29,2023-05-11,5
829,99,30,10,6124.2,2023-04-23,4
830,32,12,4,3841.32,2023-02-07,5
831,24,3,10,3229.6,2023-11-17,4
832,68,49,3,2515.71,2023-04-08,2
833,68,11,1,67.67,2023-04-23,5
834,88,50,8,3417.76,2023-10-17,4
835,73,10,7,1476.86,2023-12-31,5
836,46,48,10,1222.9,2023-02-16,3
837,23,23,10,9445.9,2023-07-28,4
838,64,19,4,3746.44,2023-12-15,2
839,90,21,9,412.74,2023-01-16,1
840,1,42,2,1243.48,2023-02-12,2
841,44,48,8,978.32,2023-06-27,3
842,77,37,2,283.62,2023-11-18,3
843,92,17,5,2135.15,2023-05-14,4
844,13,35,9,7348.05,2023-04-23,1
845,7,21,8,366.88,2023-01-02,2
846,85,31,9,3972.78,2023-03-12,1
847,80,21,7,321.02,2023-04-24,3
848,66,28,6,1744.02,2023-06-30,2
849,13,37,6,850.86,2023-04-21,4
850,63,34,10,5789.1,2023-08-17,3
851,33,21,2,91.72,2023-12-29,5
852,55,20,4,3284.2,2023-10-03,2
853,14,22,8,6229.84,2023-11-10,3
854,52,22,5,3893.65,2023-04-27,5
855,40,39,4,2042.48,2023-04-25,2
856,13,32,6,2526.66,2023-07-27,5
857,71,48,8,978.32,2023-04-20,2
858,28,3,4,1291.84,2023-04-29,1
859,62,4,7,2407.93,2023-03-05,5
860,3,4,6,2063.94,2023-02-15,1
861,54,18,8,3838.08,2023-08-15,3
862,55,11,5,338.35,2023-04-20,1
863,47,6,10,6508.1,2023-01-30,4
864,96,29,1,476.98,2023-07-05,2
865,73,43,4,994.04,2023-01-16,3
866,29,41,3,261.15,2023-04-24,5
867,26,43,2,497.02,2023-04-18,3
868,34,10,7,1476.86,2023-03-18,1
869,71,26,4,371.4,2023-05-27,5
870,75,49,6,5031.42,2023-03-15,3
871,5,13,10,8782.0,2023-02-26,3
872,26,8,8,2978.16,2023-04-27,3
873,19,11,10,676.7,2023-03-14,4
874,1,7,8,4911.2,2023-01-30,2
875,90,32,5,2105.55,2023-02-17,1
876,68,49,6,5031.42,2023-02-08,1
877,40,12,2,1920.66,2023-01-11,4
878,89,32,5,2105.55,2023-11-07,4
879,59,28,10,2906.7,2023-08-15,3
880,90,26,1,92.85,2023-12-26,2
881,70,41,10,870.5,2023-03-29,2
882,93,24,3,2366.31,2023-07-11,4
883,54,4,1,343.99,2023-09-02,5
884,89,7,4,2455.6,2023-12-24,4
885,32,42,4,2486.96,2023-09-14,4
886,4,39,1,510.62,2023-09-30,3
887,32,38,5,3988.1,2023-02-27,1
888,19,2,1,419.83,2023-06-08,5
889,34,6,8,5206.48,2023-08-26,3
890,18,37,3,425.43,2023-09-26,5
891,44,29,4,1907.92,2023-11-19,5
892,62,13,1,878.2,2023-02-25,5
893,15,45,3,319.17,2023-05-09,5
894,75,1,4,2922.48,2023-10-01,1
895,45,37,5,709.05,2023-10-22,5
896,57,19,5,4683.05,2023-03-06,3
897,38,31,9,3972.78,2023-05-10,3
898,3,50,4,1708.88,2023-07-08,4
899,60,38,6,4785.72,2023-02-08,1
900,92,7,3,1841.7,2023-07-25,2
901,31,35,2,1632.9,2023-02-05,4
902,86,8,5,1861.35,2023-11-08,5
903,38,6,4,2603.24,2023-02-02,2
904,16,6,6,3904.86,2023-09-23,2
905,36,8,6,2233.62,2023-09-25,2
906,97,16,10,3215.1,2023-06-14,2
907,47,36,9,8819.91,2023-02-06,4
908,83,44,3,2924.34,2023-02-19,2
909,44,46,10,2251.5,2023-01-24,1
910,45,27,5,2240.05,2023-09-02,2
911,75,45,2,212.78,2023-09-14,5
912,65,12,10,9603.3,2023-12-15,5
913,39,4,3,1031.97,2023-10-14,3
914,75,33,9,2179.44,2023-11-24,5
915,73,13,4,3512.8,2023-10-29,1
916,99,3,9,2906.64,2023-04-13,5
917,68,48,2,244.58,2023-06-15,3
918,50,44,4,3899.12,2023-10-13,2
919,63,29,9,4292.82,2023-05-09,4
920,50,29,8,3815.84,2023-01-30,1
921,94,7,10,6139.0,2023-03-24,2
922,40,48,3,366.87,2023-10-10,3
923,74,24,8,6310.16,2023-03-14,3
924,9,5,10,8092.0,2023-05-28,5
925,89,14,8,3470.8,2023-11-10,4
926,42,37,8,1134.48,2023-04-15,1
927,28,38,2,1595.24,2023-10-26,3
928,92,16,1,321.51,2023-04-16,2
929,21,7,1,613.9,2023-12-03,1
930,62,26,6,557.1,2023-05-25,2
931,11,5,2,1618.4,2023-11-06,2
932,25,41,9,783.45,2023-10-16,4
933,34,13,2,1756.4,2023-11-30,2
934,50,40,3,2526.06,2023-11-19,5
935,89,42,4,2486.96,2023-10-15,4
936,43,24,3,2366.31,2023-12-12,1
937,29,32,10,4211.1,2023-04-05,5
938,12,31,7,3089.94,2023-05-24,2
939,18,32,2,842.22,2023-02-19,2
940,72,21,10,458.6,2023-04-09,1
941,32,25,6,5958.9,2023-02-11,2
942,54,47,8,5031.28,2023-04-17,4
943,99,46,5,1125.75,2023-05-22,5
944,7,12,4,3841.32,2023-03-23,1
945,18,10,10,2109.8,2023-06-14,5
946,2,31,5,2207.1,2023-03-12,4
947,15,47,8,5031.28,2023-05-09,3
948,95,18,1,479.76,2023-10-02,2
949,82,5,7,5664.4,2023-05-31,5
950,69,5,4,3236.8,2023-06-15,3
951,43,11,3,203.01,2023-09-20,4
952,35,46,4,900.6,2023-12-04,1
953,28,3,7,2260.72,2023-08-30,5
954,76,24,8,6310.16,2023-10-11,4
955,48,33,2,484.32,2023-01-25,5
956,95,20,2,1642.1,2023-07-31,5
957,1,30,5,3062.1,2023-10-07,3
958,18,23,5,4722.95,2023-08-30,5
959,54,4,9,3095.91,2023-01-21,2
960,10,2,6,2518.98,2023-02-13,5
961,53,14,10,4338.5,2023-08-05,3
962,74,5,7,5664.4,2023-04-01,4
963,62,16,3,964.53,2023-05-21,2
964,87,50,5,2136.1,2023-02-04,1
965,38,7,10,6139.0,2023-06-17,3
966,35,1,3,2191.86,2023-03-05,4
967,5,3,2,645.92,2023-10-27,3
968,16,1,10,7306.2,2023-04-17,2
969,91,31,8,3531.36,2023-07-31,4
970,22,39,4,2042.48,2023-10-05,3
971,5,30,1,612.42,2023-09-22,2
972,60,13,6,5269.2,2023-04-18,3
973,74,45,7,744.73,2023-10-26,5
974,38,50,5,2136.1,2023-09-04,1
975,22,37,9,1276.29,2023-02-22,1
976,29,37,6,850.86,2023-11-20,2
977,98,3,10,3229.6,2023-04-27,3
978,82,31,5,2207.1,2023-08-25,4
979,70,42,1,621.74,2023-10-07,3
980,63,40,10,8420.2,2023-05-23,1
981,30,25,10,9931.5,2023-03-29,2
982,94,34,2,1157.82,2023-01-10,1
983,5,9,3,2345.55,2023-11-06,2
984,63,24,4,3155.08,2023-12-06,1
985,21,3,8,2583.68,2023-07-09,1
986,16,18,8,3838.08,2023-03-09,4
987,10,14,10,4338.5,2023-11-10,1
988,21,16,8,2572.08,2023-11-28,1
989,32,43,6,1491.06,2023-05-01,4
990,78,47,5,3144.55,2023-08-08,4
991,11,6,9,5857.29,2023-02-12,5
992,32,4,9,3095.91,2023-11-27,4
993,65,49,7,5869.99,2023-05-02,3
994,20,45,9,957.51,2023-03-27,5
995,53,26,2,185.7,2023-02-05,5
996,97,21,2,91.72,2023-09-30,5
997,53,33,2,484.32,2023-02-15,1
998,9,40,6,5052.12,2023-08-04,2
999,58,14,2,867.7,2023-12-25,2
1000,50,48,3,366.87,2023-05-23,5
1001,61,9,1,781.85,2023-02-04,5
1002,23,30,4,2449.68,2023-10-10,3
1003,74,39,10,5106.2,2023-02-22,3
1004,19,40,5,4210.1,2023-12-02,3
1005,58,21,4,183.44,2023-07-21,2
1006,73,45,9,957.51,2023-08-20,1
1007,28,17,4,1708.12,2023-02-08,5
1008,20,40,7,5894.14,2023-06-07,1
1009,97,12,4,3841.32,2023-11-03,2
1010,4,44,3,2924.34,2023-03-28,2
1011,19,10,5,1054.9,2023-11-24,2
1012,30,41,9,783.45,2023-02-05,1
1013,87,43,6,1491.06,2023-12-28,5
1014,16,48,1,122.29,2023-12-13,4
1015,58,4,1,343.99,2023-09-03,1
1016,97,46,6,1350.9,2023-08-08,1
1017,68,21,1,45.86,2023-08-13,4
1018,54,5,2,1618.4,2023-06-18,5
1019,22,19,2,1873.22,2023-03-13,2
1020,59,49,8,6708.56,2023-06-27,5
1021,81,3,9,2906.64,2023-03-21,5
1022,44,44,5,4873.9,2023-12-28,5
1023,80,45,5,531.95,2023-01-04,5
1024,13,3,2,645.92,2023-09-19,5
1025,28,37,10,1418.1,2023-01-28,4
1026,26,42,2,1243.48,2023-07-07,3
1027,73,34,2,1157.82,2023-04-24,3
1028,16,45,1,106.39,2023-09-26,1
1029,82,27,8,3584.08,2023-05-29,3
1030,63,38,2,1595.24,2023-04-17,4
1031,43,24,6,4732.62,2023-09-08,1
1032,26,37,3,425.43,2023-10-05,1
1033,16,14,9,3904.65,2023-08-25,1
1034,54,20,8,6568.4,2023-02-23,1
1035,54,11,6,406.02,2023-09-28,5
1036,89,42,10,6217.4,2023-08-13,4
1037,8,21,4,183.44,2023-04-13,4
1038,52,22,4,3114.92,2023-09-08,1
1039,66,7,8,4911.2,2023-07-19,4
1040,45,42,1,621.74,2023-12-15,4
1041,87,15,8,7233.52,2023-05-15,3
1042,63,13,9,7903.8,2023-02-22,1
1043,96,47,7,4402.37,2023-07-19,5
1044,46,15,6,5425.14,2023-09-17,5
1045,78,15,7,6329.33,2023-10-06,3
1046,87,14,1,433.85,2023-07-20,3
1047,77,31,5,2207.1,2023-07-04,2
1048,72,13,5,4391.0,2023-11-12,5
1049,6,48,8,978.32,2023-04-02,5
1050,80,27,4,1792.04,2023-11-22,4
1051,25,7,3,1841.7,2023-05-30,1
1052,51,39,3,1531.86,2023-02-20,1
1053,50,22,5,3893.65,2023-04-14,2
1054,95,28,5,1453.35,2023-01-06,2
1055,46,36,1,979.99,2023-12-03,2
1056,39,11,10,676.7,2023-08-08,1
1057,44,22,6,4672.38,2023-02-08,1
1058,4,4,4,1375.96,2023-09-24,3
1059,19,10,5,1054.9,2023-05-14,4
1060,45,50,9,3844.98,2023-06-15,3
1061,36,2,4,1679.32,2023-04-07,5
1062,30,25,10,9931.5,2023-02-16,1
1063,33,33,1,242.16,2023-10-28,5
1064,63,38,7,5583.34,2023-12-19,2
1065,90,36,10,9799.9,2023-10-07,1
1066,20,11,4,270.68,2023-01-16,1
1067,94,21,2,91.72,2023-06-22,3
1068,4,26,10,928.5,2023-05-16,3
1069,51,14,1,433.85,2023-02-12,3
1070,92,16,6,1929.06,2023-09-23,1
1071,34,5,4,3236.8,2023-12-04,5
1072,65,15,9,8137.71,2023-12-18,5
1073,32,22,8,6229.84,2023-05-24,2
1074,74,25,7,6952.05,2023-06-16,4
1075,55,16,2,643.02,2023-02-17,5
1076,20,16,3,964.53,2023-12-29,4
1077,50,25,8,7945.2,2023-03-06,4
1078,27,30,4,2449.68,2023-06-10,5
1079,32,40,4,3368.08,2023-02-18,3
1080,28,10,6,1265.88,2023-10-01,3
1081,4,28,5,1453.35,2023-08-09,1
1082,15,7,3,1841.7,2023-10-20,4
1083,22,23,8,7556.72,2023-06-16,4
1084,36,46,6,1350.9,2023-02-13,3
1085,74,16,9,2893.59,2023-07-07,5
1086,79,16,8,2572.08,2023-08-25,2
1087,28,23,7,6612.13,2023-03-19,4
1088,28,14,7,3036.95,2023-04-28,5
1089,89,17,7,2989.21,2023-09-15,4
1090,19,5,5,4046.0,2023-10-13,3
1091,98,31,8,3531.36,2023-09-17,5
1092,89,39,4,2042.48,2023-08-06,2
1093,17,28,4,1162.68,2023-10-26,1
1094,40,27,4,1792.04,2023-06-07,4
1095,41,29,3,1430.94,2023-06-08,1
1096,25,42,1,621.74,2023-01-01,1
1097,55,46,1,225.15,2023-09-14,4
1098,42,45,7,744.73,2023-03-08,3
1099,12,43,10,2485.1,2023-10-01,5
1100,8,38,10,7976.2,2023-09-08,2
1101,56,5,10,8092.0,2023-11-14,3
1102,74,37,3,425.43,2023-02-01,2
1103,99,49,10,8385.7,2023-07-18,2
1104,58,27,3,1344.03,2023-11-21,5
1105,72,36,7,6859.93,2023-03-11,1
1106,7,45,3,319.17,2023-09-19,5
1107,80,20,8,6568.4,2023-05-15,2
1108,58,9,3,2345.55,2023-10-15,1
1109,7,1,1,730.62,2023-05-25,5
1110,35,9,6,4691.1,2023-02-21,4
1111,62,1,4,2922.48,2023-06-23,3
1112,42,45,9,957.51,2023-08-28,5
1113,93,39,2,1021.24,2023-12-13,1
1114,97,38,5,3988.1,2023-05-11,5
1115,77,49,4,3354.28,2023-12-20,2
1116,45,21,6,275.16,2023-10-09,1
1117,85,45,7,744.73,2023-09-19,1
1118,58,9,3,2345.55,2023-03-29,4
1119,31,21,6,275.16,2023-08-10,1
1120,47,9,1,781.85,2023-07-26,4
1121,92,26,8,742.8,2023-02-26,4
1122,39,26,8,742.8,2023-08-28,3
1123,12,22,9,7008.57,2023-12-13,1
1124,77,41,1,87.05,2023-06-30,1
1125,16,34,2,1157.82,2023-01-04,1
1126,100,16,6,1929.06,2023-02-27,3
1127,30,18,9,4317.84,2023-03-11,1
1128,80,21,10,458.6,2023-03-29,3
1129,57,22,6,4672.38,2023-07-22,4
1130,15,50,7,2990.54,2023-06-19,4
1131,30,47,3,1886.73,2023-12-02,3
1132,82,26,9,835.65,2023-02-06,5
1133,4,3,3,968.88,2023-12-30,3
1134,16,24,1,788.77,2023-12-30,2
1135,86,21,6,275.16,2023-06-16,2
1136,78,29,7,3338.86,2023-11-07,5
1137,88,30,8,4899.36,2023-07-19,2
1138,90,24,4,3155.08,2023-10-26,1
1139,27,29,7,3338.86,2023-06-30,2
1140,35,27,1,448.01,2023-03-05,2
1141,72,17,8,3416.24,2023-10-15,3
1142,24,14,3,1301.55,2023-09-03,1
1143,5,17,9,3843.27,2023-02-16,5
1144,17,35,9,7348.05,2023-01-13,5
1145,13,24,2,1577.54,2023-07-16,1
1146,66,45,2,212.78,2023-10-10,3
1147,23,2,1,419.83,2023-12-19,1
1148,75,35,1,816.45,2023-08-15,5
1149,48,22,4,3114.92,2023-01-21,5
1150,83,25,1,993.15,2023-12-02,3
1151,70,3,7,2260.72,2023-08-27,5
1152,13,41,7,609.35,2023-08-09,1
1153,93,14,5,2169.25,2023-12-21,3
1154,55,46,7,1576.05,2023-12-01,2
1155,89,16,10,3215.1,2023-05-18,3
1156,37,15,8,7233.52,2023-10-10,3
1157,41,1,6,4383.72,2023-11-27,1
1158,30,13,1,878.2,2023-04-06,3
1159,61,31,5,2207.1,2023-03-05,4
1160,22,36,5,4899.95,2023-12-20,5
1161,9,36,2,1959.98,2023-06-22,5
1162,58,24,4,3155.08,2023-11-25,3
1163,54,48,8,978.32,2023-03-02,3
1164,84,7,7,4297.3,2023-09-10,5
1165,87,30,6,3674.52,2023-11-22,2
1166,10,31,5,2207.1,2023-03-26,2
1167,19,11,9,609.03,2023-01-06,4
1168,84,6,3,1952.43,2023-03-25,3
1169,78,8,9,3350.43,2023-04-11,5
1170,10,1,3,2191.86,2023-12-27,1
1171,86,1,10,7306.2,2023-01-19,2
1172,90,24,1,788.77,2023-08-29,4
1173,27,31,6,2648.52,2023-08-13,5
1174,62,24,7,5521.39,2023-09-23,3
1175,73,25,10,9931.5,2023-09-10,3
1176,81,27,7,3136.07,2023-09-15,3
1177,48,12,9,8642.97,2023-09-05,4
1178,91,17,6,2562.18,2023-08-16,3
1179,40,41,3,261.15,2023-04-10,1
1180,87,9,8,6254.8,2023-10-20,1
1181,27,26,1,92.85,2023-11-30,2
1182,24,21,2,91.72,2023-08-22,4
1183,60,8,1,372.27,2023-09-16,1
1184,24,38,7,5583.34,2023-03-30,2
1185,48,40,4,3368.08,2023-12-18,5
1186,34,6,8,5206.48,2023-06-02,3
1187,20,36,5,4899.95,2023-09-15,1
1188,94,7,10,6139.0,2023-08-03,2
1189,75,16,8,2572.08,2023-10-11,3
1190,45,37,7,992.67,2023-04-17,4
1191,52,5,8,6473.6,2023-06-11,5
1192,85,18,4,1919.04,2023-01-02,1
1193,17,23,5,4722.95,2023-09-23,4
1194,22,18,10,4797.6,2023-01-31,4
1195,47,3,9,2906.64,2023-08-03,3
1196,16,8,4,1489.08,2023-06-10,1
1197,6,22,1,778.73,2023-07-25,3
1198,78,36,9,8819.91,2023-04-09,5
1199,70,43,2,497.02,2023-07-17,3
1200,4,36,6,5879.94,2023-01-03,1
1201,19,36,8,7839.92,2023-05-01,2
1202,15,10,5,1054.9,2023-12-27,4
1203,43,33,1,242.16,2023-11-15,2
1204,56,19,10,9366.1,2023-11-18,5
1205,5,14,5,2169.25,2023-09-10,3
1206,75,19,5,4683.05,2023-10-30,2
1207,17,24,8,6310.16,2023-05-01,2
1208,51,48,2,244.58,2023-01-14,5
1209,21,21,3,137.58,2023-07-17,3
1210,3,3,4,1291.84,2023-08-13,1
1211,12,22,9,7008.57,2023-05-12,5
1212,26,10,3,632.94,2023-04-15,1
1213,5,25,9,8938.35,2023-11-18,4
1214,94,38,5,3988.1,2023-03-29,3
1215,13,14,2,867.7,2023-02-23,5
1216,94,35,1,816.45,2023-12-16,1
1217,18,20,9,7389.45,2023-04-01,2
1218,15,20,5,4105.25,2023-07-16,1
1219,72,47,1,628.91,2023-11-17,5
1220,57,36,2,1959.98,2023-07-10,5
1221,23,28,6,1744.02,2023-03-22,3
1222,37,10,9,1898.82,2023-01-06,2
1223,86,29,9,4292.82,2023-05-01,4
1224,2,4,7,2407.93,2023-07-08,1
1225,12,13,5,4391.0,2023-03-11,3
1226,100,45,3,319.17,2023-06-26,4
1227,90,24,2,1577.54,2023-05-25,5
1228,58,2,1,419.83,2023-08-22,1
1229,19,40,5,4210.1,2023-04-18,3
1230,45,22,6,4672.38,2023-05-16,3
1231,20,24,10,7887.7,2023-07-15,4
1232,64,43,9,2236.59,2023-02-26,1
1233,41,19,9,8429.49,2023-05-25,4
1234,60,7,2,1227.8,2023-07-08,3
1235,52,26,10,928.5,2023-04-16,5
1236,35,44,8,7798.24,2023-05-02,1
1237,24,25,8,7945.2,2023-07-14,4
1238,56,23,6,5667.54,2023-07-19,3
1239,98,45,3,319.17,2023-03-01,5
1240,14,15,9,8137.71,2023-06-29,3
1241,97,20,3,2463.15,2023-03-15,2
1242,48,24,6,4732.62,2023-12-09,5
1243,43,23,5,4722.95,2023-11-04,3
1244,2,44,1,974.78,2023-11-27,5
1245,56,15,9,8137.71,2023-03-13,2
1246,40,23,4,3778.36,2023-11-15,4
1247,8,35,7,5715.15,2023-02-19,5
1248,71,33,8,1937.28,2023-04-21,5
1249,93,36,3,2939.97,2023-01-20,1
1250,5,10,10,2109.8,2023-07-19,5
1251,60,10,6,1265.88,2023-04-15,1
1252,67,46,1,225.15,2023-12-10,5
1253,5,14,9,3904.65,2023-10-25,2
1254,100,47,8,5031.28,2023-09-20,5
1255,71,7,1,613.9,2023-02-10,2
1256,37,30,9,5511.78,2023-01-27,5
1257,6,9,9,7036.65,2023-07-06,3
1258,38,19,7,6556.27,2023-02-23,3
1259,65,1,10,7306.2,2023-05-22,1
1260,38,27,8,3584.08,2023-03-23,4
1261,11,22,10,7787.3,2023-06-30,4
1262,58,38,8,6380.96,2023-05-23,2
1263,16,25,3,2979.45,2023-11-13,2
1264,16,39,7,3574.34,2023-09-11,4
1265,38,40,9,7578.18,2023-07-31,1
1266,61,50,6,2563.32,2023-05-25,4
1267,87,5,3,2427.6,2023-08-24,4
1268,93,21,5,229.3,2023-03-19,5
1269,37,20,10,8210.5,2023-07-16,3
1270,59,38,5,3988.1,2023-01-28,2
1271,90,23,9,8501.31,2023-09-01,1
1272,2,1,5,3653.1,2023-06-11,5
1273,70,23,5,4722.95,2023-06-24,1
1274,47,28,9,2616.03,2023-12-16,1
1275,59,5,3,2427.6,2023-07-20,3
1276,39,28,6,1744.02,2023-09-10,4
1277,65,24,1,788.77,2023-09-23,5
1278,67,35,9,7348.05,2023-07-25,3
1279,9,41,7,609.35,2023-11-11,3
1280,54,38,5,3988.1,2023-08-27,3
1281,17,19,4,3746.44,2023-12-13,1
1282,70,39,3,1531.86,2023-12-02,4
1283,50,34,3,1736.73,2023-01-10,5
1284,99,1,9,6575.58,2023-01-04,1
1285,22,20,3,2463.15,2023-11-12,3
1286,18,8,5,1861.35,2023-09-17,2
1287,23,7,3,1841.7,2023-12-12,1
1288,86,12,10,9603.3,2023-08-17,4
1289,60,24,10,7887.7,2023-09-27,4
1290,93,44,7,6823.46,2023-03-30,3
1291,68,28,4,1162.68,2023-11-16,5
1292,54,6,9,5857.29,2023-07-19,3
1293,4,44,10,9747.8,2023-07-05,4
1294,88,37,8,1134.48,2023-11-03,4
1295,68,42,2,1243.48,2023-08-23,3
1296,50,15,5,4520.95,2023-02-05,1
1297,66,24,8,6310.16,2023-11-22,4
1298,78,19,10,9366.1,2023-02-27,1
1299,2,29,1,476.98,2023-09-02,4
1300,99,42,3,1865.22,2023-10-08,3
1301,81,25,10,9931.5,2023-10-27,4
1302,31,33,2,484.32,2023-11-14,5
1303,51,31,1,441.42,2023-05-01,2
1304,27,3,2,645.92,2023-02-25,1
1305,27,12,8,7682.64,2023-10-10,2
1306,93,40,8,6736.16,2023-12-18,5
1307,76,27,2,896.02,2023-05-05,3
1308,39,7,10,6139.0,2023-09-09,4
1309,8,35,9,7348.05,2023-09-26,4
1310,17,42,3,1865.22,2023-01-09,1
1311,47,17,5,2135.15,2023-04-16,1
1312,2,9,1,781.85,2023-12-04,4
1313,14,35,7,5715.15,2023-04-28,5
1314,77,45,8,851.12,2023-07-02,2
1315,23,43,6,1491.06,2023-05-28,1
1316,81,48,1,122.29,2023-11-18,5
1317,1,10,3,632.94,2023-08-22,1
1318,58,44,4,3899.12,2023-04-04,2
1319,4,27,10,4480.1,2023-07-01,2
1320,57,6,8,5206.48,2023-03-08,5
1321,26,48,4,489.16,2023-07-02,1
1322,50,23,3,2833.77,2023-12-19,1
1323,96,47,3,1886.73,2023-12-15,4
1324,67,45,1,106.39,2023-09-06,4
1325,66,21,6,275.16,2023-02-16,3
1326,27,35,2,1632.9,2023-07-30,4
1327,93,26,3,278.55,2023-10-30,2
1328,50,4,5,1719.95,2023-03-24,5
1329,99,30,5,3062.1,2023-08-08,5
1330,46,1,9,6575.58,2023-02-27,1
1331,18,38,8,6380.96,2023-07-29,5
1332,21,37,3,425.43,2023-04-07,2
1333,21,49,3,2515.71,2023-10-08,1
1334,45,38,3,2392.86,2023-08-04,2
1335,6,23,3,2833.77,2023-03-05,2
1336,46,10,5,1054.9,2023-12-30,1
1337,65,50,3,1281.66,2023-07-24,5
1338,17,18,1,479.76,2023-03-23,1
1339,72,20,8,6568.4,2023-06-15,5
1340,24,22,1,778.73,2023-07-08,4
1341,89,36,2,1959.98,2023-12-23,4
1342,11,27,9,4032.09,2023-09-04,2
1343,49,12,9,8642.97,2023-06-11,2
1344,84,18,5,2398.8,2023-03-20,2
1345,10,30,1,612.42,2023-03-02,4
1346,95,47,5,3144.55,2023-12-17,1
1347,31,45,7,744.73,2023-11-03,3
1348,98,8,9,3350.43,2023-05-31,1
1349,64,23,8,7556.72,2023-06-04,1
1350,32,47,6,3773.46,2023-06-15,3
1351,64,32,10,4211.1,2023-05-07,1
1352,2,1,5,3653.1,2023-01-07,3
1353,7,3,6,1937.76,2023-12-28,3
1354,81,8,4,1489.08,2023-04-20,5
1355,44,26,6,557.1,2023-10-15,4
1356,78,6,1,650.81,2023-03-13,3
1357,17,15,10,9041.9,2023-03-05,5
1358,59,11,6,406.02,2023-08-10,3
1359,50,38,10,7976.2,2023-02-17,1
1360,50,11,9,609.03,2023-06-17,3
1361,11,47,7,4402.37,2023-02-06,2
1362,87,15,5,4520.95,2023-01-27,3
1363,69,23,7,6612.13,2023-12-20,1
1364,12,2,3,1259.49,2023-05-29,4
1365,68,28,8,2325.36,2023-02-21,1
1366,77,30,2,1224.84,2023-07-14,3
1367,34,17,5,2135.15,2023-03-23,1
1368,87,39,1,510.62,2023-01-30,4
1369,92,22,1,778.73,2023-09-30,1
1370,95,8,8,2978.16,2023-11-14,4
1371,58,20,2,1642.1,2023-04-26,1
1372,5,41,6,522.3,2023-09-22,2
1373,31,12,2,1920.66,2023-07-28,4
1374,75,14,8,3470.8,2023-03-24,1
1375,72,43,5,1242.55,2023-08-27,1
1376,68,28,2,581.34,2023-07-17,3
1377,46,35,9,7348.05,2023-05-03,3
1378,52,40,5,4210.1,2023-02-12,1
1379,80,31,3,1324.26,2023-02-07,2
1380,52,19,9,8429.49,2023-04-16,2
1381,83,5,3,2427.6,2023-11-05,5
1382,67,42,1,621.74,2023-02-19,2
1383,23,7,5,3069.5,2023-01-01,5
1384,17,36,9,8819.91,2023-07-29,1
1385,66,34,7,4052.37,2023-08-23,1
1386,5,11,10,676.7,2023-02-06,3
1387,93,31,5,2207.1,2023-02-09,3
1388,69,36,8,7839.92,2023-04-15,1
1389,63,23,5,4722.95,2023-03-11,1
1390,19,9,2,1563.7,2023-02-23,1
1391,66,23,5,4722.95,2023-04-22,5
1392,4,10,5,1054.9,2023-06-19,2
1393,62,50,5,2136.1,2023-04-24,4
1394,78,29,9,4292.82,2023-01-25,4
1395,58,3,7,2260.72,2023-05-08,4
1396,46,49,1,838.57,2023-12-22,5
1397,70,1,4,2922.48,2023-09-06,4
1398,50,5,3,2427.6,2023-02-02,1
1399,70,23,8,7556.72,2023-05-12,2
1400,26,7,6,3683.4,2023-12-02,1
1401,10,45,1,106.39,2023-03-01,5
1402,10,18,10,4797.6,2023-01-17,1
1403,4,27,2,896.02,2023-04-09,2
1404,39,30,3,1837.26,2023-11-19,4
1405,40,16,7,2250.57,2023-12-09,4
1406,62,22,10,7787.3,2023-06-20,1
1407,98,7,9,5525.1,2023-03-07,3
1408,42,49,1,838.57,2023-12-11,2
1409,29,16,4,1286.04,2023-09-20,1
1410,93,1,3,2191.86,2023-07-23,2
1411,61,10,5,1054.9,2023-02-16,1
1412,74,33,3,726.48,2023-05-09,3
1413,34,44,8,7798.24,2023-09-24,3
1414,54,30,6,3674.52,2023-02-04,2
1415,47,18,6,2878.56,2023-12-21,5
1416,29,47,10,6289.1,2023-08-31,2
1417,47,15,10,9041.9,2023-11-11,5
1418,60,40,10,8420.2,2023-11-23,1
1419,85,39,4,2042.48,2023-01-05,2
1420,80,33,9,2179.44,2023-05-16,4
1421,34,27,10,4480.1,2023-02-19,1
1422,2,6,4,2603.24,2023-10-10,3
1423,51,7,2,1227.8,2023-06-20,3
1424,86,35,3,2449.35,2023-12-04,5
1425,63,7,6,3683.4,2023-12-08,5
1426,95,33,8,1937.28,2023-02-04,4
1427,20,40,7,5894.14,2023-08-24,3
1428,74,16,2,643.02,2023-04-13,1
1429,89,4,7,2407.93,2023-06-05,2
1430,90,16,6,1929.06,2023-04-04,3
1431,37,28,1,290.67,2023-05-15,3
1432,1,37,9,1276.29,2023-10-09,3
1433,45,6,8,5206.48,2023-07-25,5
1434,87,41,9,783.45,2023-11-11,3
1435,78,29,8,3815.84,2023-02-24,4
1436,4,31,6,2648.52,2023-10-01,1
1437,60,10,5,1054.9,2023-07-26,1
1438,73,37,7,992.67,2023-05-18,3
1439,36,12,2,1920.66,2023-01-30,4
1440,68,30,4,2449.68,2023-06-27,4
1441,50,33,2,484.32,2023-07-23,2
1442,14,47,1,628.91,2023-11-18,2
1443,50,34,6,3473.46,2023-05-11,3
1444,55,26,8,742.8,2023-08-07,4
1445,5,28,3,872.01,2023-09-12,1
1446,4,26,4,371.4,2023-01-17,2
1447,19,37,6,850.86,2023-10-29,4
1448,44,5,1,809.2,2023-07-10,4
1449,69,24,3,2366.31,2023-10-29,2
1450,83,2,10,4198.3,2023-12-23,2
1451,81,36,2,1959.98,2023-05-05,5
1452,9,24,5,3943.85,2023-06-06,1
1453,19,46,5,1125.75,2023-01-17,5
1454,14,9,10,7818.5,2023-12-09,3
1455,46,47,10,6289.1,2023-08-11,5
1456,30,29,10,4769.8,2023-10-31,2
1457,35,23,6,5667.54,2023-01-16,4
1458,49,25,1,993.15,2023-11-17,4
1459,72,30,8,4899.36,2023-06-08,5
1460,48,21,7,321.02,2023-01-25,5
1461,52,34,8,4631.28,2023-11-17,1
1462,78,48,5,611.45,2023-08-25,3
1463,37,2,6,2518.98,2023-09-07,3
1464,75,40,8,6736.16,2023-10-24,1
1465,68,47,10,6289.1,2023-04-21,4
1466,68,30,3,1837.26,2023-07-05,4
1467,60,47,4,2515.64,2023-05-05,3
1468,62,24,7,5521.39,2023-09-09,4
1469,28,36,2,1959.98,2023-09-18,4
1470,47,35,5,4082.25,2023-01-12,1
1471,65,13,8,7025.6,2023-09-29,5
1472,16,2,2,839.66,2023-01-23,1
1473,51,49,5,4192.85,2023-12-24,3
1474,69,45,7,744.73,2023-07-13,4
1475,69,47,10,6289.1,2023-02-09,4
1476,80,50,5,2136.1,2023-05-02,5
1477,72,20,3,2463.15,2023-08-25,3
1478,73,36,3,2939.97,2023-03-24,3
1479,53,48,3,366.87,2023-01-29,2
1480,30,42,8,4973.92,2023-02-07,1
1481,100,9,3,2345.55,2023-06-22,4
1482,83,25,5,4965.75,2023-10-27,2
1483,8,36,1,979.99,2023-04-28,3
1484,89,35,7,5715.15,2023-07-03,5
1485,53,50,1,427.22,2023-07-20,1
1486,16,40,3,2526.06,2023-11-08,2
1487,35,26,6,557.1,2023-10-31,2
1488,93,44,6,5848.68,2023-01-15,1
1489,67,14,8,3470.8,2023-01-17,4
1490,14,28,7,2034.69,2023-11-25,1
1491,71,45,10,1063.9,2023-03-08,1
1492,41,46,10,2251.5,2023-09-25,2
1493,69,39,5,2553.1,2023-12-13,4
1494,80,39,6,3063.72,2023-09-19,3
1495,40,24,5,3943.85,2023-12-02,4
1496,89,24,2,1577.54,2023-07-16,4
1497,92,35,10,8164.5,2023-03-16,1
1498,17,9,6,4691.1,2023-03-09,1
1499,18,41,10,870.5,2023-05-27,5
1500,44,9,10,7818.5,2023-07-22,1
